<ModOps>
  <ModOp GUID="100451" Type="addNextSibling">
    <Asset>
      <Values>
        <Standard>
          <Comments />
          <Version>main</Version>
          <GUID>2110000031</GUID>
          <Name>Arctic potato farm</Name>
          <IconFilename>data/graphics/icons/icon_arctic_potato_farm.png</IconFilename>
          <InfoDescription>2110000032</InfoDescription>
        </Standard>
        <Building>
          <BuildingType>Factory</BuildingType>
          <BuildingCategoryName>100000</BuildingCategoryName>
          <Destructable>1</Destructable>
          <Movable>1</Movable>
          <MoveConfirmationPopup>[NONE]</MoveConfirmationPopup>
          <MoveRequiredGodlike>[NONE]</MoveRequiredGodlike>
          <PickingAsset>0</PickingAsset>
          <ConstructionMenuText>0</ConstructionMenuText>
          <HasBorderRectOutline>1</HasBorderRectOutline>
          <SnapRadius>2</SnapRadius>
          <InfluencedByNeighbors />
          <InfluencedVariationDirection />
          <BuildingBlockPool />
          <SecondPartyRelevant>1</SecondPartyRelevant>
          <BuildModeStartVariation>-1</BuildModeStartVariation>
          <VariationIcons />
          <AllowCodeToControlRotation>1</AllowCodeToControlRotation>
          <ModuleParentType>None</ModuleParentType>
          <BuildModeRandomRotation>90</BuildModeRandomRotation>
          <AssociatedRegions>Arctic</AssociatedRegions>
          <TerrainType>Terrain</TerrainType>
        </Building>
        <Blocking>
          <HidePropsRadius>1</HidePropsRadius>
          <DeletePropsRadius>1</DeletePropsRadius>
          <StreetOutside>0</StreetOutside>
          <RemoveGrass>1</RemoveGrass>
          <BlocksBuilding>1</BlocksBuilding>
          <ProvideLocalHeightForFeedbackLayer>1</ProvideLocalHeightForFeedbackLayer>
          <ProvideLocalHeightForStreetLayer>1</ProvideLocalHeightForStreetLayer>
          <GroundDecalAsset>0</GroundDecalAsset>
          <GroundDecalAssetExtra>0</GroundDecalAssetExtra>
          <GroundDecalInvisible>0</GroundDecalInvisible>
          <HasBuildingBaseTiles>0</HasBuildingBaseTiles>
        </Blocking>
        <Cost>
          <ItemsPerCost>1</ItemsPerCost>
          <Costs>
            <Item>
              <Ingredient>1010017</Ingredient>
              <Amount>1000</Amount>
            </Item>
            <Item>
              <Ingredient>1010196</Ingredient>
              <Amount>8</Amount>
            </Item>
            <Item>
              <Ingredient>1010218</Ingredient>
              <Amount>4</Amount>
            </Item>
          </Costs>
          <InfluenceCostType>None</InfluenceCostType>
          <InfluenceCostPoints>1</InfluenceCostPoints>
        </Cost>
        <Object>
          <IgnoreForMinimapGeneration>1</IgnoreForMinimapGeneration>
          <Type>GameObject</Type>
          <Skins>
            <DefaultSkinName>1010265</DefaultSkinName>
            <DefaultSkinDescription>23853</DefaultSkinDescription>
            <DefaultSkinCategoryName>7312</DefaultSkinCategoryName>
          </Skins>
          <DefaultParticipant>Neutral</DefaultParticipant>
          <AddToObjectGroups>1</AddToObjectGroups>
          <AddToEditorObjectGrid>1</AddToEditorObjectGrid>
          <PlacableInEditor>1</PlacableInEditor>
          <SelectableInEditor>1</SelectableInEditor>
          <LoadFromDemoMap>1</LoadFromDemoMap>
          <Variations>
            <Item>
              <Filename>data/graphics/buildings/production/arctic_potatoes/arctic_potatoes.cfg</Filename>
            </Item>
          </Variations>
        </Object>
        <Mesh>
          <ObjectPosition>Static</ObjectPosition>
          <MeshPlacement>Default</MeshPlacement>
          <DefaultSequence>idle01</DefaultSequence>
          <InitialVisibility>1</InitialVisibility>
          <ConstructionEffectDuration>600</ConstructionEffectDuration>
          <DeconstructionEffectDuration>3000</DeconstructionEffectDuration>
          <MoveEffectDuration>600</MoveEffectDuration>
          <ChangeGUIDEffectDuration>850</ChangeGUIDEffectDuration>
          <ConstructionEffectScale>1</ConstructionEffectScale>
          <LogoMode>Disabled</LogoMode>
        </Mesh>
        <Selection>
          <GUIType>Production</GUIType>
          <OnSelection>
            <IsBaseAutoCreateAsset>1</IsBaseAutoCreateAsset>
            <Values>
              <ActionList />
            </Values>
          </OnSelection>
          <RuinGUIType>GenericRuins</RuinGUIType>
          <StaticHelpEntryPoint>None</StaticHelpEntryPoint>
          <Selectable>1</Selectable>
          <DestructSelectable>1</DestructSelectable>
          <InteractionDistance>15</InteractionDistance>
          <ParticipantMessageTrigger>None</ParticipantMessageTrigger>
          <InfoCorner>25000131</InfoCorner>
          <Colors>
            <WeakSelectionColorType>NoColor</WeakSelectionColorType>
          </Colors>
          <DetectionToken>0</DetectionToken>
          <SecondGUIType>Generic</SecondGUIType>
          <ParticipantMessageArcheType>Arctic_Resident_tier01_atWork</ParticipantMessageArcheType>
        </Selection>
        <Text>
          <LocaText>
            <English>
              <Text>Potato Farm</Text>
              <Status>Exported</Status>
            </English>
          </LocaText>
          <Localize>1</Localize>
          <TextOverride>0</TextOverride>
          <LineID>5235</LineID>
        </Text>
        <Constructable>
          <DestructionCategory>Production</DestructionCategory>
          <ConstructionMode>Default</ConstructionMode>
          <DestructionType>0</DestructionType>
        </Constructable>
        <Locked>
          <DefaultLockedState>1</DefaultLockedState>
          <DLCDependency>0</DLCDependency>
          <Scope>Participant</Scope>
        </Locked>
        <FeedbackController>
          <DefaultFeedbackSequence>Default</DefaultFeedbackSequence>
          <UpdateMeshSequence>1</UpdateMeshSequence>
          <NightBehavior>HideRand</NightBehavior>
        </FeedbackController>
        <Infolayer>
          <DefaultInfoLayer>0</DefaultInfoLayer>
          <AdditionalYOffset>2</AdditionalYOffset>
        </Infolayer>
        <UpgradeList>
          <DefaultBuff>0</DefaultBuff>
        </UpgradeList>
        <Factory7>
          <IsAgriculture>1</IsAgriculture>
        </Factory7>
        <FactoryBase>
          <FactoryInputs />
          <BaseProductivity>100</BaseProductivity>
          <ProductivityTimeMultiplier>5</ProductivityTimeMultiplier>
          <ProductivityPoints>30</ProductivityPoints>
          <WarehouseTransporterAsset>1010105</WarehouseTransporterAsset>
          <OutputAmountFactor>100</OutputAmountFactor>
          <MissingConnectionInfolayer>500449</MissingConnectionInfolayer>
          <NeedsFiniteResources />
          <ProductionOutputInfotip>25000208</ProductionOutputInfotip>
          <IsMainFactory>0</IsMainFactory>
          <FactoryOutputs>
            <Item>
              <Product>1010195</Product>
              <Amount>1</Amount>
              <StorageAmount>6</StorageAmount>
            </Item>
          </FactoryOutputs>
          <CycleTime>60</CycleTime>
        </FactoryBase>
        <LogisticNode>
          <TransporterCountMax>1</TransporterCountMax>
          <TransporterAsset>1010104</TransporterAsset>
          <TrainAsset>120025</TrainAsset>
          <QueueConfiguration>
            <ProcessingQueueParallelCount>10</ProcessingQueueParallelCount>
            <LoadingTimeModifier>1</LoadingTimeModifier>
            <UnloadingTimeModifier>1</UnloadingTimeModifier>
          </QueueConfiguration>
          <REMOVE_THIS_LATER_FeedbackUnitTier>Level1</REMOVE_THIS_LATER_FeedbackUnitTier>
          <NeedsTransporterQueue>1</NeedsTransporterQueue>
          <PathLayers>Street</PathLayers>
        </LogisticNode>
        <ModuleOwner>
          <ImplicitProductivityModules>0</ImplicitProductivityModules>
          <FertilizerModuleData>
            <Module>25242</Module>
          </FertilizerModuleData>
          <AddModuleLimit>100</AddModuleLimit>
          <IrrigationLevelsWorking />
          <IrrigationLevelsBoosting />
          <DestroyModulesDuringMoveAllowed>1</DestroyModulesDuringMoveAllowed>
          <FarmType>PlantFarm</FarmType>
          <MissingIrrigationInfolayerIcon>0</MissingIrrigationInfolayerIcon>
          <BlueprintModuleOption>
            <ModuleButtonInfotip>500683</ModuleButtonInfotip>
            <ModulePopupHeader>132179</ModulePopupHeader>
            <ModulePopupDescription>1270</ModulePopupDescription>
          </BlueprintModuleOption>
          <AdjustModuleOrientationOnceSpecialModuleWasPlaced>1</AdjustModuleOrientationOnceSpecialModuleWasPlaced>
          <ModuleBuildRadius>0</ModuleBuildRadius>
          <ModuleLimits>
            <Main>
              <Limit>72</Limit>
            </Main>
          </ModuleLimits>
          <ConstructionOptions>
            <Item>
              <ModuleGUID>1010273</ModuleGUID>
            </Item>
          </ConstructionOptions>
          <AdditionalModule />
          <EnableIrrigationFertilizer />
        </ModuleOwner>
        <AmbientMoodProvider>
          <Murmur>Farm</Murmur>
          <AmbientMood>AgricultureBuildingsEurope</AmbientMood>
          <GlacierMurmur>None</GlacierMurmur>
          <AttractivityDependentMurmur />
          <ProductivityDependentMurmur />
          <DynamicEnvironmentType>None</DynamicEnvironmentType>
          <IslandAttractivityDependentMurmur />
          <HappinessDependentMurmur />
          <MonumentNoEventMurmur>None</MonumentNoEventMurmur>
        </AmbientMoodProvider>
        <Attackable>
          <HasRuinState>1</HasRuinState>
          <AttackableType>IslandBuilding</AttackableType>
          <MaximumHitPoints>1000</MaximumHitPoints>
          <PausedTimeIfAttacked>15000</PausedTimeIfAttacked>
          <HPBarOffset>6</HPBarOffset>
          <BlockBuildActionsAfterAttackDuration>15000</BlockBuildActionsAfterAttackDuration>
          <IslandWarFlag>0</IslandWarFlag>
          <RuinSmokeParticles />
          <ExplosionEffects />
          <SelfHealPerHealTick>4</SelfHealPerHealTick>
          <SelfHealPausedTimeIfAttacked>15000</SelfHealPausedTimeIfAttacked>
        </Attackable>
        <Pausable>
          <CanPauseManually>1</CanPauseManually>
        </Pausable>
        <Culture>
          <CultureType>Landscaping</CultureType>
          <Sets />
          <UndiscoveredSet>0</UndiscoveredSet>
          <ModuleListHeader>0</ModuleListHeader>
          <OpenSetPages>0</OpenSetPages>
          <Feedback_AllowSpawnAtEntranceComing>1</Feedback_AllowSpawnAtEntranceComing>
        </Culture>
        <QuestObject />
        <Industrializable>
          <TransporterIndustrializationFactory>120028</TransporterIndustrializationFactory>
          <TransporterIndustrializationWarehouse>120027</TransporterIndustrializationWarehouse>
          <ReceivingIndustrializationType>Powerplant</ReceivingIndustrializationType>
          <MandatoryIndustrialization>0</MandatoryIndustrialization>
          <BoostedByIndustrialization>0</BoostedByIndustrialization>
        </Industrializable>
        <EcoSystemProvider>
          <AffectedQuality>Water</AffectedQuality>
        </EcoSystemProvider>
        <MonoCulture>
          <CropType>None</CropType>
          <SoilDeltaWithOverlap />
        </MonoCulture>
        <Maintenance>
          <Maintenances>
            <Item>
              <Product>1010017</Product>
              <Amount>50</Amount>
              <InactiveAmount>25</InactiveAmount>
            </Item>
            <Item>
              <Product>112653</Product>
              <Amount>50</Amount>
              <InactiveAmount>25</InactiveAmount>
            </Item>
          </Maintenances>
        </Maintenance>
        <Heated>
          <RequiresHeat>1</RequiresHeat>
          <MissingHeatInfolayer>116919</MissingHeatInfolayer>
        </Heated>
        <IncidentInfectable>
          <IncidentInfectionChanceFactors>
            <Explosion>
              <SatisfactionThreshold>0.5</SatisfactionThreshold>
            </Explosion>
            <Fire>
              <BaseChance>5</BaseChance>
              <DensityDistance>20</DensityDistance>
              <FactoryProductivityFactor>0.1</FactoryProductivityFactor>
              <FactoryOvertimeFactor>0.1</FactoryOvertimeFactor>
              <FactoryUndertimeFactor>0.05</FactoryUndertimeFactor>
            </Fire>
            <Riot>
              <ResidenceHappinessFactor>0.25</ResidenceHappinessFactor>
              <FactoryOvertimeFactor>0.4</FactoryOvertimeFactor>
              <FactoryUndertimeFactor>0.2</FactoryUndertimeFactor>
            </Riot>
            <Illness>
              <ResidenceSatisfactionFactor>0.1</ResidenceSatisfactionFactor>
              <HappinessMin>-50</HappinessMin>
              <HappinessMax>50</HappinessMax>
              <SatisfactionThreshold>0.5</SatisfactionThreshold>
            </Illness>
          </IncidentInfectionChanceFactors>
        </IncidentInfectable>
      </Values>
      <Template>FarmBuilding</Template>
      <ModTool>
        <ModToolVersion>12.11.2022</ModToolVersion>
        <ModToolTrigger>3;;;;;112642;500;112642;500</ModToolTrigger>
        <ModToolRegions>Arctic</ModToolRegions>
        <ModToolAuthor>Water</ModToolAuthor>
        <ModToolEffectList>192566;193770;368;193879;190611;190865;190011;194006;190785;6000018;193856</ModToolEffectList>
      </ModTool>
    </Asset>
  </ModOp>
  <ModOp Type="add" GUID="192566,193770,368,190865,190011,194006,190785,6000018,193856" Path="/Values/ItemEffectTargetPool/EffectTargetGUIDs">
    <!-- Pool Lists -->
    <Item>
      <GUID>2110000031</GUID>
    </Item>
  </ModOp>
  <ModOp Type="replace" GUID="1010273" Path="/Values/Building/AssociatedRegions">
    <AssociatedRegions>Moderate;Colony01;Africa;Arctic</AssociatedRegions>
  </ModOp>
  <ModOp Type="add" GUID="1010273" Path="/Values">
    <ModuleIrrigation />
  </ModOp>
  <ModOp Type="remove" GUID="1010273" Path="/Values/ModuleIrrigation" />
  <ModOp Type="addnextSibling" GUID="130248">
    <Asset>
      <Template>Trigger</Template>
      <Values>
        <Standard>
          <GUID>2110000033</GUID>
          <Name>MOD Trigger</Name>
        </Standard>
        <Trigger>
          <TriggerCondition>
            <Template>ConditionPlayerCounter</Template>
            <Values>
              <Condition />
              <ConditionPlayerCounter>
                <PlayerCounter>PopulationByLevel</PlayerCounter>
                <Context>112643</Context>
                <CounterAmount>100</CounterAmount>
              </ConditionPlayerCounter>
            </Values>
          </TriggerCondition>
          <TriggerActions>
            <Item>
              <TriggerAction>
                <Template>ActionUnlockAsset</Template>
                <Values>
                  <Action />
                  <ActionUnlockAsset>
                    <UnhideAssets>
                      <Item>
                        <Asset>2110000031</Asset>
                        <!-- 2110000031 -->
                      </Item>
                    </UnhideAssets>
                  </ActionUnlockAsset>
                </Values>
              </TriggerAction>
            </Item>
          </TriggerActions>
        </Trigger>
        <TriggerSetup />
      </Values>
    </Asset>
  </ModOp>
  <ModOp Type="addnextSibling" GUID="130248">
    <Asset>
      <Template>Trigger</Template>
      <Values>
        <Standard>
          <GUID>2110000034</GUID>
          <Name>MOD Trigger</Name>
        </Standard>
        <Trigger>
          <TriggerCondition>
            <Template>ConditionPlayerCounter</Template>
            <Values>
              <Condition />
              <ConditionPlayerCounter>
                <PlayerCounter>PopulationByLevel</PlayerCounter>
                <Context>112643</Context>
                <CounterAmount>300</CounterAmount>
              </ConditionPlayerCounter>
            </Values>
          </TriggerCondition>
          <TriggerActions>
            <Item>
              <TriggerAction>
                <Template>ActionUnlockAsset</Template>
                <Values>
                  <Action />
                  <ActionUnlockAsset>
                    <UnlockAssets>
                      <Item>
                        <Asset>2110000031</Asset>
                        <!-- 2110000031 -->
                      </Item>
                    </UnlockAssets>
                  </ActionUnlockAsset>
                </Values>
              </TriggerAction>
            </Item>
          </TriggerActions>
        </Trigger>
        <TriggerSetup />
      </Values>
    </Asset>
  </ModOp>
</ModOps>